Country,Series,Year,NY.GDP.PCAP.CD,country3
Afghanistan,GDP per capita (current US$),2016,512.0127781,AFG
Afghanistan,GDP per capita (current US$),2017,516.6798622,AFG
Afghanistan,GDP per capita (current US$),2018,485.6684187,AFG
Afghanistan,GDP per capita (current US$),2019,494.1793499,AFG
Afghanistan,GDP per capita (current US$),2020,516.7478708,AFG
Albania,GDP per capita (current US$),2016,4124.05539,ALB
Albania,GDP per capita (current US$),2017,4531.019374,ALB
Albania,GDP per capita (current US$),2018,5287.663694,ALB
Albania,GDP per capita (current US$),2019,5395.659532,ALB
Albania,GDP per capita (current US$),2020,5246.292306,ALB
Algeria,GDP per capita (current US$),2016,3946.452447,DZA
Algeria,GDP per capita (current US$),2017,4109.698217,DZA
Algeria,GDP per capita (current US$),2018,4142.018558,DZA
Algeria,GDP per capita (current US$),2019,3989.668276,DZA
Algeria,GDP per capita (current US$),2020,3306.858208,DZA
American Samoa,GDP per capita (current US$),2016,12038.2497,ASM
American Samoa,GDP per capita (current US$),2017,11003.82976,ASM
American Samoa,GDP per capita (current US$),2018,11521.60978,ASM
American Samoa,GDP per capita (current US$),2019,11715.36014,ASM
American Samoa,GDP per capita (current US$),2020,12844.90099,ASM
Andorra,GDP per capita (current US$),2016,37475.63506,AND
Andorra,GDP per capita (current US$),2017,38964.90448,AND
Andorra,GDP per capita (current US$),2018,41791.96984,AND
Andorra,GDP per capita (current US$),2019,40897.33087,AND
Andorra,GDP per capita (current US$),2020,,AND
Angola,GDP per capita (current US$),2016,3506.073128,AGO
Angola,GDP per capita (current US$),2017,4095.810057,AGO
Angola,GDP per capita (current US$),2018,3289.643995,AGO
Angola,GDP per capita (current US$),2019,2809.626088,AGO
Angola,GDP per capita (current US$),2020,1776.166868,AGO
Antigua and Barbuda,GDP per capita (current US$),2016,15198.74297,ATG
Antigua and Barbuda,GDP per capita (current US$),2017,15383.5764,ATG
Antigua and Barbuda,GDP per capita (current US$),2018,16679.59166,ATG
Antigua and Barbuda,GDP per capita (current US$),2019,17376.64968,ATG
Antigua and Barbuda,GDP per capita (current US$),2020,13992.74448,ATG
Argentina,GDP per capita (current US$),2016,12790.24247,ARG
Argentina,GDP per capita (current US$),2017,14613.04182,ARG
Argentina,GDP per capita (current US$),2018,11795.15939,ARG
Argentina,GDP per capita (current US$),2019,10056.63794,ARG
Argentina,GDP per capita (current US$),2020,8579.017773,ARG
Armenia,GDP per capita (current US$),2016,3591.828052,ARM
Armenia,GDP per capita (current US$),2017,3914.527854,ARM
Armenia,GDP per capita (current US$),2018,4220.540321,ARM
Armenia,GDP per capita (current US$),2019,4604.646324,ARM
Armenia,GDP per capita (current US$),2020,4266.018074,ARM
Aruba,GDP per capita (current US$),2016,28452.17061,ABW
Aruba,GDP per capita (current US$),2017,29350.80502,ABW
Aruba,GDP per capita (current US$),2018,30253.27936,ABW
Aruba,GDP per capita (current US$),2019,,ABW
Aruba,GDP per capita (current US$),2020,,ABW
Australia,GDP per capita (current US$),2016,49881.76371,AUS
Australia,GDP per capita (current US$),2017,53934.25018,AUS
Australia,GDP per capita (current US$),2018,57180.7794,AUS
Australia,GDP per capita (current US$),2019,54875.28596,AUS
Australia,GDP per capita (current US$),2020,51692.84275,AUS
Austria,GDP per capita (current US$),2016,45276.83144,AUT
Austria,GDP per capita (current US$),2017,47312.00623,AUT
Austria,GDP per capita (current US$),2018,51461.43322,AUT
Austria,GDP per capita (current US$),2019,50114.40111,AUT
Austria,GDP per capita (current US$),2020,48586.80132,AUT
Azerbaijan,GDP per capita (current US$),2016,3880.738731,AZE
Azerbaijan,GDP per capita (current US$),2017,4147.089716,AZE
Azerbaijan,GDP per capita (current US$),2018,4739.84171,AZE
Azerbaijan,GDP per capita (current US$),2019,4805.753718,AZE
Azerbaijan,GDP per capita (current US$),2020,4221.407478,AZE
"Bahamas, The",GDP per capita (current US$),2016,31732.91914,BHS
"Bahamas, The",GDP per capita (current US$),2017,32376.50917,BHS
"Bahamas, The",GDP per capita (current US$),2018,33290.02814,BHS
"Bahamas, The",GDP per capita (current US$),2019,33799.41769,BHS
"Bahamas, The",GDP per capita (current US$),2020,25194.02514,BHS
Bahrain,GDP per capita (current US$),2016,22608.45256,BHR
Bahrain,GDP per capita (current US$),2017,23742.93734,BHR
Bahrain,GDP per capita (current US$),2018,24085.95599,BHR
Bahrain,GDP per capita (current US$),2019,23551.93009,BHR
Bahrain,GDP per capita (current US$),2020,20409.9528,BHR
Bangladesh,GDP per capita (current US$),2016,1401.564635,BGD
Bangladesh,GDP per capita (current US$),2017,1563.767819,BGD
Bangladesh,GDP per capita (current US$),2018,1698.132081,BGD
Bangladesh,GDP per capita (current US$),2019,1855.740094,BGD
Bangladesh,GDP per capita (current US$),2020,1961.613749,BGD
Barbados,GDP per capita (current US$),2016,16900.04829,BRB
Barbados,GDP per capita (current US$),2017,17391.66891,BRB
Barbados,GDP per capita (current US$),2018,17745.25537,BRB
Barbados,GDP per capita (current US$),2019,18148.49785,BRB
Barbados,GDP per capita (current US$),2020,15373.8547,BRB
Belarus,GDP per capita (current US$),2016,5039.681886,BLR
Belarus,GDP per capita (current US$),2017,5785.670673,BLR
Belarus,GDP per capita (current US$),2018,6360.062473,BLR
Belarus,GDP per capita (current US$),2019,6837.717826,BLR
Belarus,GDP per capita (current US$),2020,6424.152176,BLR
Belgium,GDP per capita (current US$),2016,41984.10303,BEL
Belgium,GDP per capita (current US$),2017,44089.31009,BEL
Belgium,GDP per capita (current US$),2018,47519.5531,BEL
Belgium,GDP per capita (current US$),2019,46591.49161,BEL
Belgium,GDP per capita (current US$),2020,45159.34822,BEL
Belize,GDP per capita (current US$),2016,4856.973249,BLZ
Belize,GDP per capita (current US$),2017,4945.857699,BLZ
Belize,GDP per capita (current US$),2018,5001.422157,BLZ
Belize,GDP per capita (current US$),2019,5078.809944,BLZ
Belize,GDP per capita (current US$),2020,4115.177008,BLZ
Benin,GDP per capita (current US$),2016,1087.287331,BEN
Benin,GDP per capita (current US$),2017,1136.593872,BEN
Benin,GDP per capita (current US$),2018,1241.825298,BEN
Benin,GDP per capita (current US$),2019,1219.515506,BEN
Benin,GDP per capita (current US$),2020,1291.040972,BEN
Bermuda,GDP per capita (current US$),2016,106885.8785,BMU
Bermuda,GDP per capita (current US$),2017,111820.5815,BMU
Bermuda,GDP per capita (current US$),2018,113023.1856,BMU
Bermuda,GDP per capita (current US$),2019,117098.4463,BMU
Bermuda,GDP per capita (current US$),2020,107079.4798,BMU
Bhutan,GDP per capita (current US$),2016,2930.574923,BTN
Bhutan,GDP per capita (current US$),2017,3286.596744,BTN
Bhutan,GDP per capita (current US$),2018,3243.477437,BTN
Bhutan,GDP per capita (current US$),2019,3322.863329,BTN
Bhutan,GDP per capita (current US$),2020,3000.779327,BTN
Bolivia,GDP per capita (current US$),2016,3076.65644,BOL
Bolivia,GDP per capita (current US$),2017,3351.124344,BOL
Bolivia,GDP per capita (current US$),2018,3548.59078,BOL
Bolivia,GDP per capita (current US$),2019,3552.068143,BOL
Bolivia,GDP per capita (current US$),2020,3133.099803,BOL
Bosnia and Herzegovina,GDP per capita (current US$),2016,4994.971551,BIH
Bosnia and Herzegovina,GDP per capita (current US$),2017,5394.268944,BIH
Bosnia and Herzegovina,GDP per capita (current US$),2018,6070.349081,BIH
Bosnia and Herzegovina,GDP per capita (current US$),2019,6119.762345,BIH
Bosnia and Herzegovina,GDP per capita (current US$),2020,6079.738285,BIH
Botswana,GDP per capita (current US$),2016,6982.917492,BWA
Botswana,GDP per capita (current US$),2017,7296.092142,BWA
Botswana,GDP per capita (current US$),2018,7503.878588,BWA
Botswana,GDP per capita (current US$),2019,7203.064221,BWA
Botswana,GDP per capita (current US$),2020,6404.899932,BWA
Brazil,GDP per capita (current US$),2016,8710.06329,BRA
Brazil,GDP per capita (current US$),2017,9928.675897,BRA
Brazil,GDP per capita (current US$),2018,9151.381732,BRA
Brazil,GDP per capita (current US$),2019,8897.552966,BRA
Brazil,GDP per capita (current US$),2020,6796.844542,BRA
British Virgin Islands,GDP per capita (current US$),2016,,VGB
British Virgin Islands,GDP per capita (current US$),2017,,VGB
British Virgin Islands,GDP per capita (current US$),2018,,VGB
British Virgin Islands,GDP per capita (current US$),2019,,VGB
British Virgin Islands,GDP per capita (current US$),2020,,VGB
Brunei Darussalam,GDP per capita (current US$),2016,27158.40565,BRN
Brunei Darussalam,GDP per capita (current US$),2017,28571.60829,BRN
Brunei Darussalam,GDP per capita (current US$),2018,31628.47626,BRN
Brunei Darussalam,GDP per capita (current US$),2019,31085.96193,BRN
Brunei Darussalam,GDP per capita (current US$),2020,27442.95383,BRN
Bulgaria,GDP per capita (current US$),2016,7569.478815,BGR
Bulgaria,GDP per capita (current US$),2017,8366.293221,BGR
Bulgaria,GDP per capita (current US$),2018,9446.700772,BGR
Bulgaria,GDP per capita (current US$),2019,9879.268533,BGR
Bulgaria,GDP per capita (current US$),2020,10079.20338,BGR
Burkina Faso,GDP per capita (current US$),2016,688.2506963,BFA
Burkina Faso,GDP per capita (current US$),2017,734.996268,BFA
Burkina Faso,GDP per capita (current US$),2018,804.5005378,BFA
Burkina Faso,GDP per capita (current US$),2019,796.1152068,BFA
Burkina Faso,GDP per capita (current US$),2020,857.9327297,BFA
Burundi,GDP per capita (current US$),2016,260.5652208,BDI
Burundi,GDP per capita (current US$),2017,253.8263541,BDI
Burundi,GDP per capita (current US$),2018,238.783467,BDI
Burundi,GDP per capita (current US$),2019,228.2135892,BDI
Burundi,GDP per capita (current US$),2020,238.9907259,BDI
Cabo Verde,GDP per capita (current US$),2016,3130.998753,CPV
Cabo Verde,GDP per capita (current US$),2017,3289.902203,CPV
Cabo Verde,GDP per capita (current US$),2018,3616.464537,CPV
Cabo Verde,GDP per capita (current US$),2019,3603.775241,CPV
Cabo Verde,GDP per capita (current US$),2020,3064.272388,CPV
Cambodia,GDP per capita (current US$),2016,1269.591499,KHM
Cambodia,GDP per capita (current US$),2017,1385.260066,KHM
Cambodia,GDP per capita (current US$),2018,1512.126989,KHM
Cambodia,GDP per capita (current US$),2019,1643.121389,KHM
Cambodia,GDP per capita (current US$),2020,1543.669258,KHM
Cameroon,GDP per capita (current US$),2016,1413.255957,CMR
Cameroon,GDP per capita (current US$),2017,1469.4475,CMR
Cameroon,GDP per capita (current US$),2018,1585.240534,CMR
Cameroon,GDP per capita (current US$),2019,1533.095688,CMR
Cameroon,GDP per capita (current US$),2020,1537.130218,CMR
Canada,GDP per capita (current US$),2016,42315.60371,CAN
Canada,GDP per capita (current US$),2017,45129.35644,CAN
Canada,GDP per capita (current US$),2018,46454.74339,CAN
Canada,GDP per capita (current US$),2019,46326.67264,CAN
Canada,GDP per capita (current US$),2020,43258.17632,CAN
Cayman Islands,GDP per capita (current US$),2016,78471.62873,CYM
Cayman Islands,GDP per capita (current US$),2017,81513.16302,CYM
Cayman Islands,GDP per capita (current US$),2018,86059.73922,CYM
Cayman Islands,GDP per capita (current US$),2019,91392.64259,CYM
Cayman Islands,GDP per capita (current US$),2020,85082.52686,CYM
Central African Republic,GDP per capita (current US$),2016,402.1916451,CAF
Central African Republic,GDP per capita (current US$),2017,450.9006579,CAF
Central African Republic,GDP per capita (current US$),2018,475.9538139,CAF
Central African Republic,GDP per capita (current US$),2019,467.9080323,CAF
Central African Republic,GDP per capita (current US$),2020,492.7958712,CAF
Chad,GDP per capita (current US$),2016,693.4497674,TCD
Chad,GDP per capita (current US$),2017,665.9488849,TCD
Chad,GDP per capita (current US$),2018,726.1510071,TCD
Chad,GDP per capita (current US$),2019,709.5400432,TCD
Chad,GDP per capita (current US$),2020,659.270045,TCD
Chile,GDP per capita (current US$),2016,13753.59215,CHL
Chile,GDP per capita (current US$),2017,14998.81706,CHL
Chile,GDP per capita (current US$),2018,15888.14436,CHL
Chile,GDP per capita (current US$),2019,14741.7144,CHL
Chile,GDP per capita (current US$),2020,13231.70421,CHL
China,GDP per capita (current US$),2016,8094.363367,CHN
China,GDP per capita (current US$),2017,8816.986905,CHN
China,GDP per capita (current US$),2018,9905.342004,CHN
China,GDP per capita (current US$),2019,10143.83817,CHN
China,GDP per capita (current US$),2020,10434.77519,CHN
Colombia,GDP per capita (current US$),2016,5870.777957,COL
Colombia,GDP per capita (current US$),2017,6376.706716,COL
Colombia,GDP per capita (current US$),2018,6729.583332,COL
Colombia,GDP per capita (current US$),2019,6424.979492,COL
Colombia,GDP per capita (current US$),2020,5334.556042,COL
Comoros,GDP per capita (current US$),2016,1273.050952,COM
Comoros,GDP per capita (current US$),2017,1323.814843,COM
Comoros,GDP per capita (current US$),2018,1428.290463,COM
Comoros,GDP per capita (current US$),2019,1401.542312,COM
Comoros,GDP per capita (current US$),2020,1420.661747,COM
"Congo, Dem. Rep.",GDP per capita (current US$),2016,471.3188225,COD
"Congo, Dem. Rep.",GDP per capita (current US$),2017,467.0742317,COD
"Congo, Dem. Rep.",GDP per capita (current US$),2018,560.8073582,COD
"Congo, Dem. Rep.",GDP per capita (current US$),2019,580.7168706,COD
"Congo, Dem. Rep.",GDP per capita (current US$),2020,543.9503925,COD
"Congo, Rep.",GDP per capita (current US$),2016,2050.993415,COG
"Congo, Rep.",GDP per capita (current US$),2017,2169.991504,COG
"Congo, Rep.",GDP per capita (current US$),2018,2606.615331,COG
"Congo, Rep.",GDP per capita (current US$),2019,2369.729494,COG
"Congo, Rep.",GDP per capita (current US$),2020,1846.131297,COG
Costa Rica,GDP per capita (current US$),2016,12011.22275,CRI
Costa Rica,GDP per capita (current US$),2017,12225.57449,CRI
Costa Rica,GDP per capita (current US$),2018,12485.4239,CRI
Costa Rica,GDP per capita (current US$),2019,12693.82796,CRI
Costa Rica,GDP per capita (current US$),2020,12140.85415,CRI
Cote d'Ivoire,GDP per capita (current US$),2016,2013.381448,CIV
Cote d'Ivoire,GDP per capita (current US$),2017,2111.026557,CIV
Cote d'Ivoire,GDP per capita (current US$),2018,2314.050958,CIV
Cote d'Ivoire,GDP per capita (current US$),2019,2276.332394,CIV
Cote d'Ivoire,GDP per capita (current US$),2020,2325.723705,CIV
Croatia,GDP per capita (current US$),2016,12527.73986,HRV
Croatia,GDP per capita (current US$),2017,13629.28959,HRV
Croatia,GDP per capita (current US$),2018,15227.5601,HRV
Croatia,GDP per capita (current US$),2019,15311.7669,HRV
Croatia,GDP per capita (current US$),2020,14134.16268,HRV
Cuba,GDP per capita (current US$),2016,8060.796598,CUB
Cuba,GDP per capita (current US$),2017,8541.213686,CUB
Cuba,GDP per capita (current US$),2018,8824.194008,CUB
Cuba,GDP per capita (current US$),2019,9125.878679,CUB
Cuba,GDP per capita (current US$),2020,9477.852873,CUB
Curacao,GDP per capita (current US$),2016,19555.36585,CUW
Curacao,GDP per capita (current US$),2017,19457.53152,CUW
Curacao,GDP per capita (current US$),2018,19630.89349,CUW
Curacao,GDP per capita (current US$),2019,19701.27038,CUW
Curacao,GDP per capita (current US$),2020,16745.72431,CUW
Cyprus,GDP per capita (current US$),2016,24605.92083,CYP
Cyprus,GDP per capita (current US$),2017,26444.07438,CYP
Cyprus,GDP per capita (current US$),2018,29089.47133,CYP
Cyprus,GDP per capita (current US$),2019,28288.46158,CYP
Cyprus,GDP per capita (current US$),2020,26623.80089,CYP
Czech Republic,GDP per capita (current US$),2016,18575.23203,CZE
Czech Republic,GDP per capita (current US$),2017,20636.19995,CZE
Czech Republic,GDP per capita (current US$),2018,23419.73561,CZE
Czech Republic,GDP per capita (current US$),2019,23660.14881,CZE
Czech Republic,GDP per capita (current US$),2020,22932.22497,CZE
Denmark,GDP per capita (current US$),2016,54663.99837,DNK
Denmark,GDP per capita (current US$),2017,57610.09818,DNK
Denmark,GDP per capita (current US$),2018,61591.92887,DNK
Denmark,GDP per capita (current US$),2019,59775.7351,DNK
Denmark,GDP per capita (current US$),2020,61063.31643,DNK
Djibouti,GDP per capita (current US$),2016,2802.166204,DJI
Djibouti,GDP per capita (current US$),2017,2914.358197,DJI
Djibouti,GDP per capita (current US$),2018,3141.861711,DJI
Djibouti,GDP per capita (current US$),2019,3414.916178,DJI
Djibouti,GDP per capita (current US$),2020,3425.484176,DJI
Dominica,GDP per capita (current US$),2016,8080.968623,DMA
Dominica,GDP per capita (current US$),2017,7274.517731,DMA
Dominica,GDP per capita (current US$),2018,7687.462963,DMA
Dominica,GDP per capita (current US$),2019,8516.280039,DMA
Dominica,GDP per capita (current US$),2020,7003.859021,DMA
Dominican Republic,GDP per capita (current US$),2016,7280.88361,DOM
Dominican Republic,GDP per capita (current US$),2017,7609.353275,DOM
Dominican Republic,GDP per capita (current US$),2018,8050.644076,DOM
Dominican Republic,GDP per capita (current US$),2019,8282.117131,DOM
Dominican Republic,GDP per capita (current US$),2020,7268.19691,DOM
Ecuador,GDP per capita (current US$),2016,6060.092962,ECU
Ecuador,GDP per capita (current US$),2017,6213.503127,ECU
Ecuador,GDP per capita (current US$),2018,6295.934662,ECU
Ecuador,GDP per capita (current US$),2019,6222.524653,ECU
Ecuador,GDP per capita (current US$),2020,5600.389615,ECU
"Egypt, Arab Rep.",GDP per capita (current US$),2016,3519.87324,EGY
"Egypt, Arab Rep.",GDP per capita (current US$),2017,2444.290387,EGY
"Egypt, Arab Rep.",GDP per capita (current US$),2018,2537.125185,EGY
"Egypt, Arab Rep.",GDP per capita (current US$),2019,3019.092283,EGY
"Egypt, Arab Rep.",GDP per capita (current US$),2020,3569.206841,EGY
El Salvador,GDP per capita (current US$),2016,3805.995686,SLV
El Salvador,GDP per capita (current US$),2017,3910.254403,SLV
El Salvador,GDP per capita (current US$),2018,4052.624775,SLV
El Salvador,GDP per capita (current US$),2019,4167.730939,SLV
El Salvador,GDP per capita (current US$),2020,3798.636521,SLV
Equatorial Guinea,GDP per capita (current US$),2016,9250.316493,GNQ
Equatorial Guinea,GDP per capita (current US$),2017,9667.857801,GNQ
Equatorial Guinea,GDP per capita (current US$),2018,10005.61679,GNQ
Equatorial Guinea,GDP per capita (current US$),2019,8419.933336,GNQ
Equatorial Guinea,GDP per capita (current US$),2020,7143.238705,GNQ
Eritrea,GDP per capita (current US$),2016,,ERI
Eritrea,GDP per capita (current US$),2017,,ERI
Eritrea,GDP per capita (current US$),2018,,ERI
Eritrea,GDP per capita (current US$),2019,,ERI
Eritrea,GDP per capita (current US$),2020,,ERI
Estonia,GDP per capita (current US$),2016,18282.92339,EST
Estonia,GDP per capita (current US$),2017,20387.28315,EST
Estonia,GDP per capita (current US$),2018,23052.30126,EST
Estonia,GDP per capita (current US$),2019,23397.12001,EST
Estonia,GDP per capita (current US$),2020,23027.027,EST
Eswatini,GDP per capita (current US$),2016,3425.531957,SWZ
Eswatini,GDP per capita (current US$),2017,3914.418484,SWZ
Eswatini,GDP per capita (current US$),2018,4105.893683,SWZ
Eswatini,GDP per capita (current US$),2019,3915.643467,SWZ
Eswatini,GDP per capita (current US$),2020,3424.282212,SWZ
Ethiopia,GDP per capita (current US$),2016,717.1248698,ETH
Ethiopia,GDP per capita (current US$),2017,768.5230154,ETH
Ethiopia,GDP per capita (current US$),2018,771.5248663,ETH
Ethiopia,GDP per capita (current US$),2019,855.7608852,ETH
Ethiopia,GDP per capita (current US$),2020,936.3404611,ETH
Faroe Islands,GDP per capita (current US$),2016,56854.10265,FRO
Faroe Islands,GDP per capita (current US$),2017,59993.09063,FRO
Faroe Islands,GDP per capita (current US$),2018,62918.14619,FRO
Faroe Islands,GDP per capita (current US$),2019,64225.2649,FRO
Faroe Islands,GDP per capita (current US$),2020,,FRO
Fiji,GDP per capita (current US$),2016,5651.272721,FJI
Fiji,GDP per capita (current US$),2017,6101.02389,FJI
Fiji,GDP per capita (current US$),2018,6317.41372,FJI
Fiji,GDP per capita (current US$),2019,6175.890653,FJI
Fiji,GDP per capita (current US$),2020,5057.631913,FJI
Finland,GDP per capita (current US$),2016,43784.28396,FIN
Finland,GDP per capita (current US$),2017,46297.49635,FIN
Finland,GDP per capita (current US$),2018,49964.49991,FIN
Finland,GDP per capita (current US$),2019,48678.31413,FIN
Finland,GDP per capita (current US$),2020,48773.28117,FIN
France,GDP per capita (current US$),2016,37037.37419,FRA
France,GDP per capita (current US$),2017,38685.25849,FRA
France,GDP per capita (current US$),2018,41572.48501,FRA
France,GDP per capita (current US$),2019,40578.64429,FRA
France,GDP per capita (current US$),2020,39030.36037,FRA
French Polynesia,GDP per capita (current US$),2016,,PYF
French Polynesia,GDP per capita (current US$),2017,,PYF
French Polynesia,GDP per capita (current US$),2018,,PYF
French Polynesia,GDP per capita (current US$),2019,,PYF
French Polynesia,GDP per capita (current US$),2020,,PYF
Gabon,GDP per capita (current US$),2016,6984.419712,GAB
Gabon,GDP per capita (current US$),2017,7230.434912,GAB
Gabon,GDP per capita (current US$),2018,7959.007267,GAB
Gabon,GDP per capita (current US$),2019,7766.996554,GAB
Gabon,GDP per capita (current US$),2020,6881.715192,GAB
"Gambia, The",GDP per capita (current US$),2016,690.7804932,GMB
"Gambia, The",GDP per capita (current US$),2017,679.7550717,GMB
"Gambia, The",GDP per capita (current US$),2018,732.7207273,GMB
"Gambia, The",GDP per capita (current US$),2019,772.0459142,GMB
"Gambia, The",GDP per capita (current US$),2020,773.0020701,GMB
Georgia,GDP per capita (current US$),2016,4062.169888,GEO
Georgia,GDP per capita (current US$),2017,4357.000936,GEO
Georgia,GDP per capita (current US$),2018,4722.787783,GEO
Georgia,GDP per capita (current US$),2019,4697.983652,GEO
Georgia,GDP per capita (current US$),2020,4266.690795,GEO
Germany,GDP per capita (current US$),2016,42107.51727,DEU
Germany,GDP per capita (current US$),2017,44542.2952,DEU
Germany,GDP per capita (current US$),2018,47950.18081,DEU
Germany,GDP per capita (current US$),2019,46794.89929,DEU
Germany,GDP per capita (current US$),2020,46208.42947,DEU
Ghana,GDP per capita (current US$),2016,1971.956935,GHA
Ghana,GDP per capita (current US$),2017,2074.290733,GHA
Ghana,GDP per capita (current US$),2018,2260.860567,GHA
Ghana,GDP per capita (current US$),2019,2246.625578,GHA
Ghana,GDP per capita (current US$),2020,2205.529016,GHA
Gibraltar,GDP per capita (current US$),2016,,GIB
Gibraltar,GDP per capita (current US$),2017,,GIB
Gibraltar,GDP per capita (current US$),2018,,GIB
Gibraltar,GDP per capita (current US$),2019,,GIB
Gibraltar,GDP per capita (current US$),2020,,GIB
Greece,GDP per capita (current US$),2016,17911.79938,GRC
Greece,GDP per capita (current US$),2017,18536.19072,GRC
Greece,GDP per capita (current US$),2018,19747.34258,GRC
Greece,GDP per capita (current US$),2019,19133.75776,GRC
Greece,GDP per capita (current US$),2020,17622.541,GRC
Greenland,GDP per capita (current US$),2016,48181.87419,GRL
Greenland,GDP per capita (current US$),2017,50765.69565,GRL
Greenland,GDP per capita (current US$),2018,54270.82231,GRL
Greenland,GDP per capita (current US$),2019,53041.30331,GRL
Greenland,GDP per capita (current US$),2020,,GRL
Grenada,GDP per capita (current US$),2016,9628.259169,GRD
Grenada,GDP per capita (current US$),2017,10152.83281,GRD
Grenada,GDP per capita (current US$),2018,10466.88221,GRD
Grenada,GDP per capita (current US$),2019,10827.43529,GRD
Grenada,GDP per capita (current US$),2020,9261.551876,GRD
Guam,GDP per capita (current US$),2016,36214.00692,GUM
Guam,GDP per capita (current US$),2017,36601.91988,GUM
Guam,GDP per capita (current US$),2018,36556.67491,GUM
Guam,GDP per capita (current US$),2019,38040.58699,GUM
Guam,GDP per capita (current US$),2020,34624.34013,GUM
Guatemala,GDP per capita (current US$),2016,4173.301666,GTM
Guatemala,GDP per capita (current US$),2017,4454.04815,GTM
Guatemala,GDP per capita (current US$),2018,4478.424646,GTM
Guatemala,GDP per capita (current US$),2019,4638.634943,GTM
Guatemala,GDP per capita (current US$),2020,4603.339617,GTM
Guinea,GDP per capita (current US$),2016,732.2915119,GIN
Guinea,GDP per capita (current US$),2017,855.5752706,GIN
Guinea,GDP per capita (current US$),2018,955.1112811,GIN
Guinea,GDP per capita (current US$),2019,1058.143368,GIN
Guinea,GDP per capita (current US$),2020,1194.037865,GIN
Guinea-Bissau,GDP per capita (current US$),2016,661.4578387,GNB
Guinea-Bissau,GDP per capita (current US$),2017,738.5499449,GNB
Guinea-Bissau,GDP per capita (current US$),2018,802.7673851,GNB
Guinea-Bissau,GDP per capita (current US$),2019,749.453747,GNB
Guinea-Bissau,GDP per capita (current US$),2020,727.5201717,GNB
Guyana,GDP per capita (current US$),2016,5811.397924,GUY
Guyana,GDP per capita (current US$),2017,6124.95367,GUY
Guyana,GDP per capita (current US$),2018,6145.819277,GUY
Guyana,GDP per capita (current US$),2019,6609.51128,GUY
Guyana,GDP per capita (current US$),2020,6955.939217,GUY
Haiti,GDP per capita (current US$),2016,1290.380508,HTI
Haiti,GDP per capita (current US$),2017,1369.063734,HTI
Haiti,GDP per capita (current US$),2018,1479.345827,HTI
Haiti,GDP per capita (current US$),2019,1312.770636,HTI
Haiti,GDP per capita (current US$),2020,1272.367992,HTI
Honduras,GDP per capita (current US$),2016,2326.297278,HND
Honduras,GDP per capita (current US$),2017,2436.671636,HND
Honduras,GDP per capita (current US$),2018,2492.868968,HND
Honduras,GDP per capita (current US$),2019,2556.456891,HND
Honduras,GDP per capita (current US$),2020,2389.012431,HND
"Hong Kong SAR, China",GDP per capita (current US$),2016,43731.10682,HKG
"Hong Kong SAR, China",GDP per capita (current US$),2017,46165.85651,HKG
"Hong Kong SAR, China",GDP per capita (current US$),2018,48542.68187,HKG
"Hong Kong SAR, China",GDP per capita (current US$),2019,48354.47337,HKG
"Hong Kong SAR, China",GDP per capita (current US$),2020,46323.86344,HKG
Hungary,GDP per capita (current US$),2016,13107.37791,HUN
Hungary,GDP per capita (current US$),2017,14623.69665,HUN
Hungary,GDP per capita (current US$),2018,16427.37276,HUN
Hungary,GDP per capita (current US$),2019,16735.65978,HUN
Hungary,GDP per capita (current US$),2020,15980.74089,HUN
Iceland,GDP per capita (current US$),2016,61987.92636,ISL
Iceland,GDP per capita (current US$),2017,72010.14903,ISL
Iceland,GDP per capita (current US$),2018,74469.80406,ISL
Iceland,GDP per capita (current US$),2019,68941.46223,ISL
Iceland,GDP per capita (current US$),2020,59270.18005,ISL
India,GDP per capita (current US$),2016,1732.554242,IND
India,GDP per capita (current US$),2017,1980.66702,IND
India,GDP per capita (current US$),2018,1996.915087,IND
India,GDP per capita (current US$),2019,2100.751461,IND
India,GDP per capita (current US$),2020,1927.707823,IND
Indonesia,GDP per capita (current US$),2016,3562.816334,IDN
Indonesia,GDP per capita (current US$),2017,3837.578024,IDN
Indonesia,GDP per capita (current US$),2018,3893.859578,IDN
Indonesia,GDP per capita (current US$),2019,4135.201531,IDN
Indonesia,GDP per capita (current US$),2020,3869.588427,IDN
"Iran, Islamic Rep.",GDP per capita (current US$),2016,5253.42656,IRN
"Iran, Islamic Rep.",GDP per capita (current US$),2017,5520.314782,IRN
"Iran, Islamic Rep.",GDP per capita (current US$),2018,3598.483454,IRN
"Iran, Islamic Rep.",GDP per capita (current US$),2019,3114.622753,IRN
"Iran, Islamic Rep.",GDP per capita (current US$),2020,2422.480657,IRN
Iraq,GDP per capita (current US$),2016,4550.658638,IRQ
Iraq,GDP per capita (current US$),2017,4985.452879,IRQ
Iraq,GDP per capita (current US$),2018,5915.850854,IRQ
Iraq,GDP per capita (current US$),2019,5980.626918,IRQ
Iraq,GDP per capita (current US$),2020,4145.862936,IRQ
Ireland,GDP per capita (current US$),2016,62818.96636,IRL
Ireland,GDP per capita (current US$),2017,69601.68388,IRL
Ireland,GDP per capita (current US$),2018,79068.97461,IRL
Ireland,GDP per capita (current US$),2019,80886.61574,IRL
Ireland,GDP per capita (current US$),2020,85267.76474,IRL
Isle of Man,GDP per capita (current US$),2016,82197.12677,IMN
Isle of Man,GDP per capita (current US$),2017,83477.83429,IMN
Isle of Man,GDP per capita (current US$),2018,89112.66772,IMN
Isle of Man,GDP per capita (current US$),2019,86481.55259,IMN
Isle of Man,GDP per capita (current US$),2020,,IMN
Israel,GDP per capita (current US$),2016,37330.2618,ISR
Israel,GDP per capita (current US$),2017,40774.12961,ISR
Israel,GDP per capita (current US$),2018,42063.45313,ISR
Israel,GDP per capita (current US$),2019,43951.24773,ISR
Israel,GDP per capita (current US$),2020,44168.94364,ISR
Italy,GDP per capita (current US$),2016,30939.71425,ITA
Italy,GDP per capita (current US$),2017,32326.67421,ITA
Italy,GDP per capita (current US$),2018,34605.26273,ITA
Italy,GDP per capita (current US$),2019,33641.63375,ITA
Italy,GDP per capita (current US$),2020,31714.22095,ITA
Jamaica,GDP per capita (current US$),2016,4843.7499,JAM
Jamaica,GDP per capita (current US$),2017,5070.099503,JAM
Jamaica,GDP per capita (current US$),2018,5359.993789,JAM
Jamaica,GDP per capita (current US$),2019,5369.498371,JAM
Jamaica,GDP per capita (current US$),2020,4664.530242,JAM
Japan,GDP per capita (current US$),2016,39400.73936,JPN
Japan,GDP per capita (current US$),2017,38891.08627,JPN
Japan,GDP per capita (current US$),2018,39808.16856,JPN
Japan,GDP per capita (current US$),2019,40777.6087,JPN
Japan,GDP per capita (current US$),2020,40193.25244,JPN
Jordan,GDP per capita (current US$),2016,4175.356602,JOR
Jordan,GDP per capita (current US$),2017,4231.51828,JOR
Jordan,GDP per capita (current US$),2018,4308.151074,JOR
Jordan,GDP per capita (current US$),2019,4405.487109,JOR
Jordan,GDP per capita (current US$),2020,4282.765825,JOR
Kazakhstan,GDP per capita (current US$),2016,7714.841844,KAZ
Kazakhstan,GDP per capita (current US$),2017,9247.581331,KAZ
Kazakhstan,GDP per capita (current US$),2018,9812.626371,KAZ
Kazakhstan,GDP per capita (current US$),2019,9812.595808,KAZ
Kazakhstan,GDP per capita (current US$),2020,9122.23343,KAZ
Kenya,GDP per capita (current US$),2016,1525.235192,KEN
Kenya,GDP per capita (current US$),2017,1633.491216,KEN
Kenya,GDP per capita (current US$),2018,1794.091175,KEN
Kenya,GDP per capita (current US$),2019,1912.647867,KEN
Kenya,GDP per capita (current US$),2020,1878.580703,KEN
Kiribati,GDP per capita (current US$),2016,1584.738015,KIR
Kiribati,GDP per capita (current US$),2017,1640.571205,KIR
Kiribati,GDP per capita (current US$),2018,1727.845001,KIR
Kiribati,GDP per capita (current US$),2019,1601.861869,KIR
Kiribati,GDP per capita (current US$),2020,1653.540297,KIR
"Korea, Dem. People's Rep.",GDP per capita (current US$),2016,,PRK
"Korea, Dem. People's Rep.",GDP per capita (current US$),2017,,PRK
"Korea, Dem. People's Rep.",GDP per capita (current US$),2018,,PRK
"Korea, Dem. People's Rep.",GDP per capita (current US$),2019,,PRK
"Korea, Dem. People's Rep.",GDP per capita (current US$),2020,,PRK
"Korea, Rep.",GDP per capita (current US$),2016,29288.87044,KOR
"Korea, Rep.",GDP per capita (current US$),2017,31616.8434,KOR
"Korea, Rep.",GDP per capita (current US$),2018,33422.94421,KOR
"Korea, Rep.",GDP per capita (current US$),2019,31936.79635,KOR
"Korea, Rep.",GDP per capita (current US$),2020,31631.46945,KOR
Kuwait,GDP per capita (current US$),2016,27653.15762,KWT
Kuwait,GDP per capita (current US$),2017,29759.46747,KWT
Kuwait,GDP per capita (current US$),2018,33399.06044,KWT
Kuwait,GDP per capita (current US$),2019,32373.25112,KWT
Kuwait,GDP per capita (current US$),2020,24811.76971,KWT
Kyrgyz Republic,GDP per capita (current US$),2016,1120.666513,KGZ
Kyrgyz Republic,GDP per capita (current US$),2017,1242.769643,KGZ
Kyrgyz Republic,GDP per capita (current US$),2018,1308.140165,KGZ
Kyrgyz Republic,GDP per capita (current US$),2019,1374.032105,KGZ
Kyrgyz Republic,GDP per capita (current US$),2020,1173.611304,KGZ
Lao PDR,GDP per capita (current US$),2016,2324.400917,LAO
Lao PDR,GDP per capita (current US$),2017,2455.211559,LAO
Lao PDR,GDP per capita (current US$),2018,2569.093892,LAO
Lao PDR,GDP per capita (current US$),2019,2635.800015,LAO
Lao PDR,GDP per capita (current US$),2020,2629.714583,LAO
Latvia,GDP per capita (current US$),2016,14322.02268,LVA
Latvia,GDP per capita (current US$),2017,15656.34749,LVA
Latvia,GDP per capita (current US$),2018,17856.30712,LVA
Latvia,GDP per capita (current US$),2019,17926.84159,LVA
Latvia,GDP per capita (current US$),2020,17726.25294,LVA
Lebanon,GDP per capita (current US$),2016,7653.73363,LBN
Lebanon,GDP per capita (current US$),2017,7819.60467,LBN
Lebanon,GDP per capita (current US$),2018,8058.444337,LBN
Lebanon,GDP per capita (current US$),2019,7578.172368,LBN
Lebanon,GDP per capita (current US$),2020,4649.547646,LBN
Lesotho,GDP per capita (current US$),2016,1018.931093,LSO
Lesotho,GDP per capita (current US$),2017,1102.94441,LSO
Lesotho,GDP per capita (current US$),2018,1192.48432,LSO
Lesotho,GDP per capita (current US$),2019,1113.37214,LSO
Lesotho,GDP per capita (current US$),2020,875.353433,LSO
Liberia,GDP per capita (current US$),2016,740.914906,LBR
Liberia,GDP per capita (current US$),2017,721.085044,LBR
Liberia,GDP per capita (current US$),2018,710.2659984,LBR
Liberia,GDP per capita (current US$),2019,672.3404992,LBR
Liberia,GDP per capita (current US$),2020,632.9363856,LBR
Libya,GDP per capita (current US$),2016,4035.196802,LBY
Libya,GDP per capita (current US$),2017,5756.699325,LBY
Libya,GDP per capita (current US$),2018,7877.12461,LBY
Libya,GDP per capita (current US$),2019,7685.948132,LBY
Libya,GDP per capita (current US$),2020,3699.294765,LBY
Liechtenstein,GDP per capita (current US$),2016,165642.3863,LIE
Liechtenstein,GDP per capita (current US$),2017,171253.9643,LIE
Liechtenstein,GDP per capita (current US$),2018,180366.7152,LIE
Liechtenstein,GDP per capita (current US$),2019,175813.8756,LIE
Liechtenstein,GDP per capita (current US$),2020,,LIE
Lithuania,GDP per capita (current US$),2016,14998.12506,LTU
Lithuania,GDP per capita (current US$),2017,16843.69965,LTU
Lithuania,GDP per capita (current US$),2018,19176.81215,LTU
Lithuania,GDP per capita (current US$),2019,19575.76848,LTU
Lithuania,GDP per capita (current US$),2020,20233.64135,LTU
Luxembourg,GDP per capita (current US$),2016,106826.7264,LUX
Luxembourg,GDP per capita (current US$),2017,109921.0314,LUX
Luxembourg,GDP per capita (current US$),2018,117197.4817,LUX
Luxembourg,GDP per capita (current US$),2019,113218.7133,LUX
Luxembourg,GDP per capita (current US$),2020,116014.6025,LUX
"Macao SAR, China",GDP per capita (current US$),2016,73545.75824,MAC
"Macao SAR, China",GDP per capita (current US$),2017,81019.47377,MAC
"Macao SAR, China",GDP per capita (current US$),2018,87526.07999,MAC
"Macao SAR, China",GDP per capita (current US$),2019,86197.36569,MAC
"Macao SAR, China",GDP per capita (current US$),2020,39403.13591,MAC
Madagascar,GDP per capita (current US$),2016,475.9555568,MDG
Madagascar,GDP per capita (current US$),2017,515.2933234,MDG
Madagascar,GDP per capita (current US$),2018,523.9459714,MDG
Madagascar,GDP per capita (current US$),2019,522.9895243,MDG
Madagascar,GDP per capita (current US$),2020,471.4914963,MDG
Malawi,GDP per capita (current US$),2016,315.7779871,MWI
Malawi,GDP per capita (current US$),2017,506.1372944,MWI
Malawi,GDP per capita (current US$),2018,544.5934354,MWI
Malawi,GDP per capita (current US$),2019,591.8463896,MWI
Malawi,GDP per capita (current US$),2020,636.8205368,MWI
Malaysia,GDP per capita (current US$),2016,9817.78709,MYS
Malaysia,GDP per capita (current US$),2017,10259.30481,MYS
Malaysia,GDP per capita (current US$),2018,11380.08209,MYS
Malaysia,GDP per capita (current US$),2019,11432.823,MYS
Malaysia,GDP per capita (current US$),2020,10412.34898,MYS
Maldives,GDP per capita (current US$),2016,9209.443564,MDV
Maldives,GDP per capita (current US$),2017,9577.346946,MDV
Maldives,GDP per capita (current US$),2018,10279.07998,MDV
Maldives,GDP per capita (current US$),2019,10561.61351,MDV
Maldives,GDP per capita (current US$),2020,6924.105745,MDV
Mali,GDP per capita (current US$),2016,780.7235695,MLI
Mali,GDP per capita (current US$),2017,830.0215153,MLI
Mali,GDP per capita (current US$),2018,894.8047765,MLI
Mali,GDP per capita (current US$),2019,879.0431873,MLI
Mali,GDP per capita (current US$),2020,862.4530188,MLI
Malta,GDP per capita (current US$),2016,25741.44606,MLT
Malta,GDP per capita (current US$),2017,28250.69777,MLT
Malta,GDP per capita (current US$),2018,30672.29224,MLT
Malta,GDP per capita (current US$),2019,30186.19596,MLT
Malta,GDP per capita (current US$),2020,27884.64283,MLT
Marshall Islands,GDP per capita (current US$),2016,3490.998389,MHL
Marshall Islands,GDP per capita (current US$),2017,3672.576783,MHL
Marshall Islands,GDP per capita (current US$),2018,3793.550983,MHL
Marshall Islands,GDP per capita (current US$),2019,4073.10983,MHL
Marshall Islands,GDP per capita (current US$),2020,4129.850998,MHL
Mauritania,GDP per capita (current US$),2016,1536.854888,MRT
Mauritania,GDP per capita (current US$),2017,1587.611263,MRT
Mauritania,GDP per capita (current US$),2018,1670.204165,MRT
Mauritania,GDP per capita (current US$),2019,1743.302901,MRT
Mauritania,GDP per capita (current US$),2020,1701.991163,MRT
Mauritius,GDP per capita (current US$),2016,9681.618567,MUS
Mauritius,GDP per capita (current US$),2017,10484.90836,MUS
Mauritius,GDP per capita (current US$),2018,11208.34382,MUS
Mauritius,GDP per capita (current US$),2019,11097.16898,MUS
Mauritius,GDP per capita (current US$),2020,8627.843157,MUS
Mexico,GDP per capita (current US$),2016,8744.515559,MEX
Mexico,GDP per capita (current US$),2017,9287.849587,MEX
Mexico,GDP per capita (current US$),2018,9686.984927,MEX
Mexico,GDP per capita (current US$),2019,9950.45008,MEX
Mexico,GDP per capita (current US$),2020,8329.271313,MEX
"Micronesia, Fed. Sts.",GDP per capita (current US$),2016,3014.700358,FSM
"Micronesia, Fed. Sts.",GDP per capita (current US$),2017,3289.642117,FSM
"Micronesia, Fed. Sts.",GDP per capita (current US$),2018,3568.291016,FSM
"Micronesia, Fed. Sts.",GDP per capita (current US$),2019,3585.392449,FSM
"Micronesia, Fed. Sts.",GDP per capita (current US$),2020,3565.293294,FSM
Moldova,GDP per capita (current US$),2016,2880.439281,MDA
Moldova,GDP per capita (current US$),2017,3509.69345,MDA
Moldova,GDP per capita (current US$),2018,4230.363037,MDA
Moldova,GDP per capita (current US$),2019,4491.688827,MDA
Moldova,GDP per capita (current US$),2020,4547.059721,MDA
Monaco,GDP per capita (current US$),2016,170028.6557,MCO
Monaco,GDP per capita (current US$),2017,167517.0597,MCO
Monaco,GDP per capita (current US$),2018,185978.6093,MCO
Monaco,GDP per capita (current US$),2019,190512.7374,MCO
Monaco,GDP per capita (current US$),2020,,MCO
Mongolia,GDP per capita (current US$),2016,3658.3903,MNG
Mongolia,GDP per capita (current US$),2017,3687.100003,MNG
Mongolia,GDP per capita (current US$),2018,4156.84697,MNG
Mongolia,GDP per capita (current US$),2019,4404.84583,MNG
Mongolia,GDP per capita (current US$),2020,4060.950518,MNG
Montenegro,GDP per capita (current US$),2016,7028.936577,MNE
Montenegro,GDP per capita (current US$),2017,7784.06529,MNE
Montenegro,GDP per capita (current US$),2018,8845.914219,MNE
Montenegro,GDP per capita (current US$),2019,8910.650834,MNE
Montenegro,GDP per capita (current US$),2020,7677.152226,MNE
Morocco,GDP per capita (current US$),2016,2896.722196,MAR
Morocco,GDP per capita (current US$),2017,3035.454433,MAR
Morocco,GDP per capita (current US$),2018,3226.982794,MAR
Morocco,GDP per capita (current US$),2019,3230.409722,MAR
Morocco,GDP per capita (current US$),2020,3009.24946,MAR
Mozambique,GDP per capita (current US$),2016,428.9266729,MOZ
Mozambique,GDP per capita (current US$),2017,461.4150941,MOZ
Mozambique,GDP per capita (current US$),2018,503.3179252,MOZ
Mozambique,GDP per capita (current US$),2019,506.6416391,MOZ
Mozambique,GDP per capita (current US$),2020,448.5442807,MOZ
Myanmar,GDP per capita (current US$),2016,1136.610665,MMR
Myanmar,GDP per capita (current US$),2017,1151.114462,MMR
Myanmar,GDP per capita (current US$),2018,1250.173691,MMR
Myanmar,GDP per capita (current US$),2019,1271.111575,MMR
Myanmar,GDP per capita (current US$),2020,1467.604281,MMR
Namibia,GDP per capita (current US$),2016,4546.986688,NAM
Namibia,GDP per capita (current US$),2017,5367.114674,NAM
Namibia,GDP per capita (current US$),2018,5588.392864,NAM
Namibia,GDP per capita (current US$),2019,5009.685904,NAM
Namibia,GDP per capita (current US$),2020,4179.278066,NAM
Nauru,GDP per capita (current US$),2016,9521.042101,NRU
Nauru,GDP per capita (current US$),2017,10339.38548,NRU
Nauru,GDP per capita (current US$),2018,11614.66508,NRU
Nauru,GDP per capita (current US$),2019,11029.73558,NRU
Nauru,GDP per capita (current US$),2020,10580.26819,NRU
Nepal,GDP per capita (current US$),2016,899.523581,NPL
Nepal,GDP per capita (current US$),2017,1048.453755,NPL
Nepal,GDP per capita (current US$),2018,1178.525932,NPL
Nepal,GDP per capita (current US$),2019,1194.956876,NPL
Nepal,GDP per capita (current US$),2020,1155.142854,NPL
Netherlands,GDP per capita (current US$),2016,46007.85292,NLD
Netherlands,GDP per capita (current US$),2017,48554.99228,NLD
Netherlands,GDP per capita (current US$),2018,53018.62936,NLD
Netherlands,GDP per capita (current US$),2019,52476.27325,NLD
Netherlands,GDP per capita (current US$),2020,52397.11671,NLD
New Caledonia,GDP per capita (current US$),2016,32391.19722,NCL
New Caledonia,GDP per capita (current US$),2017,33976.55555,NCL
New Caledonia,GDP per capita (current US$),2018,36382.48766,NCL
New Caledonia,GDP per capita (current US$),2019,34788.52928,NCL
New Caledonia,GDP per capita (current US$),2020,,NCL
New Zealand,GDP per capita (current US$),2016,40080.49411,NZL
New Zealand,GDP per capita (current US$),2017,42992.89527,NZL
New Zealand,GDP per capita (current US$),2018,43306.07,NZL
New Zealand,GDP per capita (current US$),2019,42755.21626,NZL
New Zealand,GDP per capita (current US$),2020,41441.46667,NZL
Nicaragua,GDP per capita (current US$),2016,2107.57406,NIC
Nicaragua,GDP per capita (current US$),2017,2159.156714,NIC
Nicaragua,GDP per capita (current US$),2018,2014.575189,NIC
Nicaragua,GDP per capita (current US$),2019,1926.699694,NIC
Nicaragua,GDP per capita (current US$),2020,1905.261152,NIC
Niger,GDP per capita (current US$),2016,500.2149113,NER
Niger,GDP per capita (current US$),2017,517.7715723,NER
Niger,GDP per capita (current US$),2018,570.723922,NER
Niger,GDP per capita (current US$),2019,554.0993893,NER
Niger,GDP per capita (current US$),2020,567.6698923,NER
Nigeria,GDP per capita (current US$),2016,2176.002772,NGA
Nigeria,GDP per capita (current US$),2017,1968.565398,NGA
Nigeria,GDP per capita (current US$),2018,2027.778549,NGA
Nigeria,GDP per capita (current US$),2019,2229.858652,NGA
Nigeria,GDP per capita (current US$),2020,2097.092473,NGA
North Macedonia,GDP per capita (current US$),2016,5149.589074,MKD
North Macedonia,GDP per capita (current US$),2017,5450.492881,MKD
North Macedonia,GDP per capita (current US$),2018,6108.740108,MKD
North Macedonia,GDP per capita (current US$),2019,6070.388054,MKD
North Macedonia,GDP per capita (current US$),2020,5917.262575,MKD
Northern Mariana Islands,GDP per capita (current US$),2016,21891.18479,MNP
Northern Mariana Islands,GDP per capita (current US$),2017,27584.74351,MNP
Northern Mariana Islands,GDP per capita (current US$),2018,22886.67405,MNP
Northern Mariana Islands,GDP per capita (current US$),2019,20659.64029,MNP
Northern Mariana Islands,GDP per capita (current US$),2020,,MNP
Norway,GDP per capita (current US$),2016,70460.56053,NOR
Norway,GDP per capita (current US$),2017,75496.75406,NOR
Norway,GDP per capita (current US$),2018,82267.80932,NOR
Norway,GDP per capita (current US$),2019,75826.08188,NOR
Norway,GDP per capita (current US$),2020,67389.91205,NOR
Oman,GDP per capita (current US$),2016,14609.98176,OMN
Oman,GDP per capita (current US$),2017,15127.88819,OMN
Oman,GDP per capita (current US$),2018,16521.20623,OMN
Oman,GDP per capita (current US$),2019,15343.0435,OMN
Oman,GDP per capita (current US$),2020,12659.71772,OMN
Pakistan,GDP per capita (current US$),2016,1368.426961,PAK
Pakistan,GDP per capita (current US$),2017,1464.926195,PAK
Pakistan,GDP per capita (current US$),2018,1482.213067,PAK
Pakistan,GDP per capita (current US$),2019,1288.556325,PAK
Pakistan,GDP per capita (current US$),2020,1188.859757,PAK
Palau,GDP per capita (current US$),2016,16835.986,PLW
Palau,GDP per capita (current US$),2017,16019.98989,PLW
Palau,GDP per capita (current US$),2018,15895.2599,PLW
Palau,GDP per capita (current US$),2019,15232.48708,PLW
Palau,GDP per capita (current US$),2020,14243.86469,PLW
Panama,GDP per capita (current US$),2016,14343.98026,PAN
Panama,GDP per capita (current US$),2017,15146.40851,PAN
Panama,GDP per capita (current US$),2018,15544.99908,PAN
Panama,GDP per capita (current US$),2019,15774.25494,PAN
Panama,GDP per capita (current US$),2020,12509.83529,PAN
Papua New Guinea,GDP per capita (current US$),2016,2509.629637,PNG
Papua New Guinea,GDP per capita (current US$),2017,2695.249009,PNG
Papua New Guinea,GDP per capita (current US$),2018,2801.371393,PNG
Papua New Guinea,GDP per capita (current US$),2019,2820.306397,PNG
Papua New Guinea,GDP per capita (current US$),2020,2757.21753,PNG
Paraguay,GDP per capita (current US$),2016,5324.609068,PRY
Paraguay,GDP per capita (current US$),2017,5678.869972,PRY
Paraguay,GDP per capita (current US$),2018,5782.78455,PRY
Paraguay,GDP per capita (current US$),2019,5380.963322,PRY
Paraguay,GDP per capita (current US$),2020,5001.07276,PRY
Peru,GDP per capita (current US$),2016,6204.996457,PER
Peru,GDP per capita (current US$),2017,6710.507602,PER
Peru,GDP per capita (current US$),2018,6957.793411,PER
Peru,GDP per capita (current US$),2019,7027.612207,PER
Peru,GDP per capita (current US$),2020,6126.87454,PER
Philippines,GDP per capita (current US$),2016,3073.654686,PHL
Philippines,GDP per capita (current US$),2017,3123.245642,PHL
Philippines,GDP per capita (current US$),2018,3252.110274,PHL
Philippines,GDP per capita (current US$),2019,3485.340844,PHL
Philippines,GDP per capita (current US$),2020,3298.829586,PHL
Poland,GDP per capita (current US$),2016,12447.43959,POL
Poland,GDP per capita (current US$),2017,13864.68176,POL
Poland,GDP per capita (current US$),2018,15468.48222,POL
Poland,GDP per capita (current US$),2019,15732.20313,POL
Poland,GDP per capita (current US$),2020,15720.99466,POL
Portugal,GDP per capita (current US$),2016,19978.40121,PRT
Portugal,GDP per capita (current US$),2017,21437.3475,PRT
Portugal,GDP per capita (current US$),2018,23551.04829,PRT
Portugal,GDP per capita (current US$),2019,23330.81729,PRT
Portugal,GDP per capita (current US$),2020,22176.29671,PRT
Puerto Rico,GDP per capita (current US$),2016,30627.1634,PRI
Puerto Rico,GDP per capita (current US$),2017,31108.76057,PRI
Puerto Rico,GDP per capita (current US$),2018,31604.70151,PRI
Puerto Rico,GDP per capita (current US$),2019,32850.54861,PRI
Puerto Rico,GDP per capita (current US$),2020,32290.92114,PRI
Qatar,GDP per capita (current US$),2016,57162.96801,QAT
Qatar,GDP per capita (current US$),2017,59124.86727,QAT
Qatar,GDP per capita (current US$),2018,65907.94844,QAT
Qatar,GDP per capita (current US$),2019,62276.42869,QAT
Qatar,GDP per capita (current US$),2020,50124.38594,QAT
Romania,GDP per capita (current US$),2016,9548.587403,ROU
Romania,GDP per capita (current US$),2017,10807.00917,ROU
Romania,GDP per capita (current US$),2018,12398.98198,ROU
Romania,GDP per capita (current US$),2019,12899.34611,ROU
Romania,GDP per capita (current US$),2020,12896.08862,ROU
Russian Federation,GDP per capita (current US$),2016,8704.898413,RUS
Russian Federation,GDP per capita (current US$),2017,10720.33266,RUS
Russian Federation,GDP per capita (current US$),2018,11287.35528,RUS
Russian Federation,GDP per capita (current US$),2019,11497.64925,RUS
Russian Federation,GDP per capita (current US$),2020,10126.72179,RUS
Rwanda,GDP per capita (current US$),2016,744.7607488,RWA
Rwanda,GDP per capita (current US$),2017,772.3169891,RWA
Rwanda,GDP per capita (current US$),2018,783.6371628,RWA
Rwanda,GDP per capita (current US$),2019,820.1492886,RWA
Rwanda,GDP per capita (current US$),2020,797.8555207,RWA
Samoa,GDP per capita (current US$),2016,4109.663228,WSM
Samoa,GDP per capita (current US$),2017,4258.978767,WSM
Samoa,GDP per capita (current US$),2018,4187.504729,WSM
Samoa,GDP per capita (current US$),2019,4322.868457,WSM
Samoa,GDP per capita (current US$),2020,4067.843459,WSM
San Marino,GDP per capita (current US$),2016,43828.23246,SMR
San Marino,GDP per capita (current US$),2017,45399.02906,SMR
San Marino,GDP per capita (current US$),2018,48996.59225,SMR
San Marino,GDP per capita (current US$),2019,47731.20854,SMR
San Marino,GDP per capita (current US$),2020,,SMR
Sao Tome and Principe,GDP per capita (current US$),2016,1700.097997,STP
Sao Tome and Principe,GDP per capita (current US$),2017,1813.807434,STP
Sao Tome and Principe,GDP per capita (current US$),2018,1953.513257,STP
Sao Tome and Principe,GDP per capita (current US$),2019,1987.579702,STP
Sao Tome and Principe,GDP per capita (current US$),2020,2157.840446,STP
Saudi Arabia,GDP per capita (current US$),2016,19878.76384,SAU
Saudi Arabia,GDP per capita (current US$),2017,20802.46631,SAU
Saudi Arabia,GDP per capita (current US$),2018,23337.01755,SAU
Saudi Arabia,GDP per capita (current US$),2019,23139.79798,SAU
Saudi Arabia,GDP per capita (current US$),2020,20110.31619,SAU
Senegal,GDP per capita (current US$),2016,1269.903294,SEN
Senegal,GDP per capita (current US$),2017,1361.701972,SEN
Senegal,GDP per capita (current US$),2018,1458.069093,SEN
Senegal,GDP per capita (current US$),2019,1430.148259,SEN
Senegal,GDP per capita (current US$),2020,1471.830962,SEN
Serbia,GDP per capita (current US$),2016,5765.200762,SRB
Serbia,GDP per capita (current US$),2017,6292.543629,SRB
Serbia,GDP per capita (current US$),2018,7252.401858,SRB
Serbia,GDP per capita (current US$),2019,7417.203649,SRB
Serbia,GDP per capita (current US$),2020,7720.510572,SRB
Seychelles,GDP per capita (current US$),2016,15068.62035,SYC
Seychelles,GDP per capita (current US$),2017,15945.26493,SYC
Seychelles,GDP per capita (current US$),2018,15994.81986,SYC
Seychelles,GDP per capita (current US$),2019,16213.48076,SYC
Seychelles,GDP per capita (current US$),2020,10764.42042,SYC
Sierra Leone,GDP per capita (current US$),2016,501.4151655,SLE
Sierra Leone,GDP per capita (current US$),2017,496.6822949,SLE
Sierra Leone,GDP per capita (current US$),2018,533.9915333,SLE
Sierra Leone,GDP per capita (current US$),2019,521.7548367,SLE
Sierra Leone,GDP per capita (current US$),2020,509.376594,SLE
Singapore,GDP per capita (current US$),2016,56848.17539,SGP
Singapore,GDP per capita (current US$),2017,61176.45636,SGP
Singapore,GDP per capita (current US$),2018,66679.04649,SGP
Singapore,GDP per capita (current US$),2019,65640.70795,SGP
Singapore,GDP per capita (current US$),2020,59797.75218,SGP
Sint Maarten (Dutch part),GDP per capita (current US$),2016,31616.6817,SXM
Sint Maarten (Dutch part),GDP per capita (current US$),2017,29369.05683,SXM
Sint Maarten (Dutch part),GDP per capita (current US$),2018,29160.10381,SXM
Sint Maarten (Dutch part),GDP per capita (current US$),2019,,SXM
Sint Maarten (Dutch part),GDP per capita (current US$),2020,,SXM
Slovak Republic,GDP per capita (current US$),2016,16501.08385,SVK
Slovak Republic,GDP per capita (current US$),2017,17494.72879,SVK
Slovak Republic,GDP per capita (current US$),2018,19380.51351,SVK
Slovak Republic,GDP per capita (current US$),2019,19303.54566,SVK
Slovak Republic,GDP per capita (current US$),2020,19266.51357,SVK
Slovenia,GDP per capita (current US$),2016,21663.64341,SVN
Slovenia,GDP per capita (current US$),2017,23455.94473,SVN
Slovenia,GDP per capita (current US$),2018,26104.10279,SVN
Slovenia,GDP per capita (current US$),2019,25942.95477,SVN
Slovenia,GDP per capita (current US$),2020,25517.33067,SVN
Solomon Islands,GDP per capita (current US$),2016,2225.486842,SLB
Solomon Islands,GDP per capita (current US$),2017,2332.844216,SLB
Solomon Islands,GDP per capita (current US$),2018,2411.862926,SLB
Solomon Islands,GDP per capita (current US$),2019,2344.048976,SLB
Solomon Islands,GDP per capita (current US$),2020,2250.601164,SLB
Somalia,GDP per capita (current US$),2016,295.9673926,SOM
Somalia,GDP per capita (current US$),2017,309.0543803,SOM
Somalia,GDP per capita (current US$),2018,314.542678,SOM
Somalia,GDP per capita (current US$),2019,320.0381483,SOM
Somalia,GDP per capita (current US$),2020,313.872315,SOM
South Africa,GDP per capita (current US$),2016,5756.965741,ZAF
South Africa,GDP per capita (current US$),2017,6690.939847,ZAF
South Africa,GDP per capita (current US$),2018,7005.095413,ZAF
South Africa,GDP per capita (current US$),2019,6624.761865,ZAF
South Africa,GDP per capita (current US$),2020,5655.867654,ZAF
South Sudan,GDP per capita (current US$),2016,,SSD
South Sudan,GDP per capita (current US$),2017,,SSD
South Sudan,GDP per capita (current US$),2018,,SSD
South Sudan,GDP per capita (current US$),2019,,SSD
South Sudan,GDP per capita (current US$),2020,,SSD
Spain,GDP per capita (current US$),2016,26505.34322,ESP
Spain,GDP per capita (current US$),2017,28100.58624,ESP
Spain,GDP per capita (current US$),2018,30349.7521,ESP
Spain,GDP per capita (current US$),2019,29555.3157,ESP
Spain,GDP per capita (current US$),2020,27063.19392,ESP
Sri Lanka,GDP per capita (current US$),2016,3886.291502,LKA
Sri Lanka,GDP per capita (current US$),2017,4077.043841,LKA
Sri Lanka,GDP per capita (current US$),2018,4059.20823,LKA
Sri Lanka,GDP per capita (current US$),2019,3852.265603,LKA
Sri Lanka,GDP per capita (current US$),2020,3680.673477,LKA
St. Kitts and Nevis,GDP per capita (current US$),2016,19541.12783,KNA
St. Kitts and Nevis,GDP per capita (current US$),2017,20384.74788,KNA
St. Kitts and Nevis,GDP per capita (current US$),2018,20567.49911,KNA
St. Kitts and Nevis,GDP per capita (current US$),2019,22046.68991,KNA
St. Kitts and Nevis,GDP per capita (current US$),2020,18437.74892,KNA
St. Lucia,GDP per capita (current US$),2016,10362.35166,LCA
St. Lucia,GDP per capita (current US$),2017,11034.62985,LCA
St. Lucia,GDP per capita (current US$),2018,11353.71521,LCA
St. Lucia,GDP per capita (current US$),2019,11591.08048,LCA
St. Lucia,GDP per capita (current US$),2020,8804.561048,LCA
St. Martin (French part),GDP per capita (current US$),2016,,MAF
St. Martin (French part),GDP per capita (current US$),2017,,MAF
St. Martin (French part),GDP per capita (current US$),2018,,MAF
St. Martin (French part),GDP per capita (current US$),2019,,MAF
St. Martin (French part),GDP per capita (current US$),2020,,MAF
St. Vincent and the Grenadines,GDP per capita (current US$),2016,7074.548765,VCT
St. Vincent and the Grenadines,GDP per capita (current US$),2017,7213.025857,VCT
St. Vincent and the Grenadines,GDP per capita (current US$),2018,7361.400962,VCT
St. Vincent and the Grenadines,GDP per capita (current US$),2019,7460.153362,VCT
St. Vincent and the Grenadines,GDP per capita (current US$),2020,7278.016297,VCT
Sudan,GDP per capita (current US$),2016,1325.156019,SDN
Sudan,GDP per capita (current US$),2017,1103.000026,SDN
Sudan,GDP per capita (current US$),2018,825.8689411,SDN
Sudan,GDP per capita (current US$),2019,753.2821741,SDN
Sudan,GDP per capita (current US$),2020,595.467833,SDN
Suriname,GDP per capita (current US$),2016,5872.789429,SUR
Suriname,GDP per capita (current US$),2017,6295.560562,SUR
Suriname,GDP per capita (current US$),2018,6938.086981,SUR
Suriname,GDP per capita (current US$),2019,6853.693411,SUR
Suriname,GDP per capita (current US$),2020,4916.605666,SUR
Sweden,GDP per capita (current US$),2016,51965.15715,SWE
Sweden,GDP per capita (current US$),2017,53791.50873,SWE
Sweden,GDP per capita (current US$),2018,54589.06039,SWE
Sweden,GDP per capita (current US$),2019,51939.42974,SWE
Sweden,GDP per capita (current US$),2020,52274.40879,SWE
Switzerland,GDP per capita (current US$),2016,83073.28008,CHE
Switzerland,GDP per capita (current US$),2017,83352.08865,CHE
Switzerland,GDP per capita (current US$),2018,86388.40495,CHE
Switzerland,GDP per capita (current US$),2019,85334.51946,CHE
Switzerland,GDP per capita (current US$),2020,87097.03645,CHE
Syrian Arab Republic,GDP per capita (current US$),2016,707.5052667,SYR
Syrian Arab Republic,GDP per capita (current US$),2017,942.5189159,SYR
Syrian Arab Republic,GDP per capita (current US$),2018,1268.235849,SYR
Syrian Arab Republic,GDP per capita (current US$),2019,1334.370593,SYR
Syrian Arab Republic,GDP per capita (current US$),2020,,SYR
Tajikistan,GDP per capita (current US$),2016,807.1025861,TJK
Tajikistan,GDP per capita (current US$),2017,848.6723799,TJK
Tajikistan,GDP per capita (current US$),2018,853.2188734,TJK
Tajikistan,GDP per capita (current US$),2019,890.5444024,TJK
Tajikistan,GDP per capita (current US$),2020,859.1379611,TJK
Tanzania,GDP per capita (current US$),2016,966.5030166,TZA
Tanzania,GDP per capita (current US$),2017,1004.906588,TZA
Tanzania,GDP per capita (current US$),2018,1042.838759,TZA
Tanzania,GDP per capita (current US$),2019,1085.884861,TZA
Tanzania,GDP per capita (current US$),2020,1076.470385,TZA
Thailand,GDP per capita (current US$),2016,5993.305516,THA
Thailand,GDP per capita (current US$),2017,6593.818352,THA
Thailand,GDP per capita (current US$),2018,7296.879608,THA
Thailand,GDP per capita (current US$),2019,7817.009671,THA
Thailand,GDP per capita (current US$),2020,7186.874092,THA
Timor-Leste,GDP per capita (current US$),2016,1353.754934,TLS
Timor-Leste,GDP per capita (current US$),2017,1299.494635,TLS
Timor-Leste,GDP per capita (current US$),2018,1249.138351,TLS
Timor-Leste,GDP per capita (current US$),2019,1583.713576,TLS
Timor-Leste,GDP per capita (current US$),2020,1442.730738,TLS
Togo,GDP per capita (current US$),2016,803.1518934,TGO
Togo,GDP per capita (current US$),2017,830.7452767,TGO
Togo,GDP per capita (current US$),2018,901.5230169,TGO
Togo,GDP per capita (current US$),2019,893.3524541,TGO
Togo,GDP per capita (current US$),2020,914.9507925,TGO
Tonga,GDP per capita (current US$),2016,4157.877249,TON
Tonga,GDP per capita (current US$),2017,4513.432531,TON
Tonga,GDP per capita (current US$),2018,4740.700272,TON
Tonga,GDP per capita (current US$),2019,4903.012138,TON
Tonga,GDP per capita (current US$),2020,4624.823449,TON
Trinidad and Tobago,GDP per capita (current US$),2016,16250.62869,TTO
Trinidad and Tobago,GDP per capita (current US$),2017,16173.74005,TTO
Trinidad and Tobago,GDP per capita (current US$),2018,17037.86236,TTO
Trinidad and Tobago,GDP per capita (current US$),2019,16637.16294,TTO
Trinidad and Tobago,GDP per capita (current US$),2020,15425.63511,TTO
Tunisia,GDP per capita (current US$),2016,3924.363346,TUN
Tunisia,GDP per capita (current US$),2017,3687.777461,TUN
Tunisia,GDP per capita (current US$),2018,3680.892597,TUN
Tunisia,GDP per capita (current US$),2019,3574.654024,TUN
Tunisia,GDP per capita (current US$),2020,3521.591948,TUN
Turkey,GDP per capita (current US$),2016,10894.60338,TUR
Turkey,GDP per capita (current US$),2017,10589.66772,TUR
Turkey,GDP per capita (current US$),2018,9454.348443,TUR
Turkey,GDP per capita (current US$),2019,9121.515167,TUR
Turkey,GDP per capita (current US$),2020,8536.43332,TUR
Turkmenistan,GDP per capita (current US$),2016,6387.682575,TKM
Turkmenistan,GDP per capita (current US$),2017,6587.092604,TKM
Turkmenistan,GDP per capita (current US$),2018,6967.375043,TKM
Turkmenistan,GDP per capita (current US$),2019,7612.03518,TKM
Turkmenistan,GDP per capita (current US$),2020,,TKM
Turks and Caicos Islands,GDP per capita (current US$),2016,28241.47929,TCA
Turks and Caicos Islands,GDP per capita (current US$),2017,27545.12879,TCA
Turks and Caicos Islands,GDP per capita (current US$),2018,29553.1367,TCA
Turks and Caicos Islands,GDP per capita (current US$),2019,31350.86663,TCA
Turks and Caicos Islands,GDP per capita (current US$),2020,23879.92665,TCA
Tuvalu,GDP per capita (current US$),2016,3253.899536,TUV
Tuvalu,GDP per capita (current US$),2017,3574.065288,TUV
Tuvalu,GDP per capita (current US$),2018,3701.709255,TUV
Tuvalu,GDP per capita (current US$),2019,4055.89561,TUV
Tuvalu,GDP per capita (current US$),2020,4143.109753,TUV
Uganda,GDP per capita (current US$),2016,736.5598474,UGA
Uganda,GDP per capita (current US$),2017,746.8307529,UGA
Uganda,GDP per capita (current US$),2018,770.6007843,UGA
Uganda,GDP per capita (current US$),2019,798.5857341,UGA
Uganda,GDP per capita (current US$),2020,822.0276815,UGA
Ukraine,GDP per capita (current US$),2016,2187.73051,UKR
Ukraine,GDP per capita (current US$),2017,2640.675677,UKR
Ukraine,GDP per capita (current US$),2018,3096.817402,UKR
Ukraine,GDP per capita (current US$),2019,3662.563087,UKR
Ukraine,GDP per capita (current US$),2020,3726.927149,UKR
United Arab Emirates,GDP per capita (current US$),2016,38141.86713,ARE
United Arab Emirates,GDP per capita (current US$),2017,40644.79119,ARE
United Arab Emirates,GDP per capita (current US$),2018,43839.32449,ARE
United Arab Emirates,GDP per capita (current US$),2019,42701.44305,ARE
United Arab Emirates,GDP per capita (current US$),2020,36284.55524,ARE
United Kingdom,GDP per capita (current US$),2016,41499.5557,GBR
United Kingdom,GDP per capita (current US$),2017,40857.75558,GBR
United Kingdom,GDP per capita (current US$),2018,43646.95197,GBR
United Kingdom,GDP per capita (current US$),2019,43070.49836,GBR
United Kingdom,GDP per capita (current US$),2020,41124.53477,GBR
United States,GDP per capita (current US$),2016,58021.4005,USA
United States,GDP per capita (current US$),2017,60109.65573,USA
United States,GDP per capita (current US$),2018,63064.41841,USA
United States,GDP per capita (current US$),2019,65279.52903,USA
United States,GDP per capita (current US$),2020,63413.51386,USA
Uruguay,GDP per capita (current US$),2016,16715.63347,URY
Uruguay,GDP per capita (current US$),2017,18690.89384,URY
Uruguay,GDP per capita (current US$),2018,18703.86029,URY
Uruguay,GDP per capita (current US$),2019,17688.01501,URY
Uruguay,GDP per capita (current US$),2020,15438.41167,URY
Uzbekistan,GDP per capita (current US$),2016,2704.677188,UZB
Uzbekistan,GDP per capita (current US$),2017,1916.764642,UZB
Uzbekistan,GDP per capita (current US$),2018,1597.068337,UZB
Uzbekistan,GDP per capita (current US$),2019,1784.009816,UZB
Uzbekistan,GDP per capita (current US$),2020,1750.697113,UZB
Vanuatu,GDP per capita (current US$),2016,2805.66532,VUT
Vanuatu,GDP per capita (current US$),2017,3082.475083,VUT
Vanuatu,GDP per capita (current US$),2018,3125.404999,VUT
Vanuatu,GDP per capita (current US$),2019,3116.297759,VUT
Vanuatu,GDP per capita (current US$),2020,2870.0893,VUT
"Venezuela, RB",GDP per capita (current US$),2016,,VEN
"Venezuela, RB",GDP per capita (current US$),2017,,VEN
"Venezuela, RB",GDP per capita (current US$),2018,,VEN
"Venezuela, RB",GDP per capita (current US$),2019,,VEN
"Venezuela, RB",GDP per capita (current US$),2020,,VEN
Vietnam,GDP per capita (current US$),2016,2192.174482,VNM
Vietnam,GDP per capita (current US$),2017,2365.521615,VNM
Vietnam,GDP per capita (current US$),2018,2566.447487,VNM
Vietnam,GDP per capita (current US$),2019,2715.27598,VNM
Vietnam,GDP per capita (current US$),2020,2785.724161,VNM
Virgin Islands (U.S.),GDP per capita (current US$),2016,35324.97489,VIR
Virgin Islands (U.S.),GDP per capita (current US$),2017,35365.0693,VIR
Virgin Islands (U.S.),GDP per capita (current US$),2018,36448.25749,VIR
Virgin Islands (U.S.),GDP per capita (current US$),2019,38136.66576,VIR
Virgin Islands (U.S.),GDP per capita (current US$),2020,,VIR
"Yemen, Rep.",GDP per capita (current US$),2016,1152.720966,YEM
"Yemen, Rep.",GDP per capita (current US$),2017,964.2648105,YEM
"Yemen, Rep.",GDP per capita (current US$),2018,758.1452416,YEM
"Yemen, Rep.",GDP per capita (current US$),2019,,YEM
"Yemen, Rep.",GDP per capita (current US$),2020,,YEM
Zambia,GDP per capita (current US$),2016,1280.806543,ZMB
Zambia,GDP per capita (current US$),2017,1535.196574,ZMB
Zambia,GDP per capita (current US$),2018,1516.368371,ZMB
Zambia,GDP per capita (current US$),2019,1305.001031,ZMB
Zambia,GDP per capita (current US$),2020,985.132436,ZMB
Zimbabwe,GDP per capita (current US$),2016,1464.588957,ZWE
Zimbabwe,GDP per capita (current US$),2017,1235.189032,ZWE
Zimbabwe,GDP per capita (current US$),2018,1254.642265,ZWE
Zimbabwe,GDP per capita (current US$),2019,1316.740657,ZWE
Zimbabwe,GDP per capita (current US$),2020,1214.50982,ZWE
